{
  "totalParticipants": 919,
  "tiers": {
    "legendary": {
      "count": 10,
      "probablity": 1,
      "ceiling": 3562,
      "floor": 3000,
      "participants": 10
    },
    "ancient": {
      "count": 81.791,
      "probability": 0.36678852196451933,
      "ceiling": 3000,
      "floor": 140,
      "participants": 82
    },
    "rare": {
      "count": 204.937,
      "probability": 0.29765244928929374,
      "ceiling": 140,
      "floor": 24,
      "participants": 205
    },
    "common": {
      "count": 622.2719999999999,
      "probability": 0.16230844389591692,
      "ceiling": 24,
      "floor": 8,
      "participants": 622
    }
  }
}