{"totalParticipants":1176,"tiers":{"legendary":{"count":10,"probablity":1,"ceiling":3385,"floor":1900,"participants":10},"ancient":{"count":104.664,"probability":0.28663150653519837,"ceiling":1888,"floor":135,"participants":105},"rare":{"count":262.248,"probability":0.23260425246331717,"ceiling":133,"floor":23,"participants":263},"common":{"count":799.088,"probability":0.1263940892617584,"ceiling":23,"floor":1,"participants":798}}}