{"totalParticipants":930,"tiers":{"legendary":{"count":10,"probablity":1,"ceiling":7777,"floor":2678,"participants":10},"ancient":{"count":82.77,"probability":0.3624501631025734,"ceiling":2667,"floor":170,"participants":83},"rare":{"count":207.39000000000001,"probability":0.29413182892135586,"ceiling":164,"floor":30,"participants":208},"common":{"count":629.8399999999999,"probability":0.1603581862060206,"ceiling":30,"floor":8,"participants":629}}}