{"totalParticipants":872,"tiers":{"legendary":{"count":10,"probablity":1,"ceiling":4204,"floor":2500,"participants":10},"ancient":{"count":77.60799999999999,"probability":0.3865580867951758,"ceiling":2500,"floor":170,"participants":78},"rare":{"count":194.45600000000002,"probability":0.31369564323034516,"ceiling":170,"floor":28,"participants":195},"common":{"count":589.9359999999999,"probability":0.17120501206910582,"ceiling":28,"floor":8,"participants":589}}}