{"totalParticipants":878,"tiers":{"legendary":{"count":10,"probablity":1,"ceiling":6942,"floor":1893,"participants":10},"ancient":{"count":78.142,"probability":0.38391645977835226,"ceiling":1800,"floor":156,"participants":79},"rare":{"count":195.794,"probability":0.31155193724016056,"ceiling":155,"floor":30,"participants":196},"common":{"count":594.064,"probability":0.17001535188127878,"ceiling":30,"floor":2,"participants":593}}}