{"totalParticipants":833,"tiers":{"legendary":{"count":10,"probablity":1,"ceiling":4010,"floor":2800,"participants":10},"ancient":{"count":74.137,"probability":0.40465624452028004,"ceiling":2750,"floor":130,"participants":75},"rare":{"count":185.75900000000001,"probability":0.3283824740658595,"ceiling":130,"floor":25,"participants":186},"common":{"count":563.104,"probability":0.17936295959538556,"ceiling":25,"floor":8,"participants":562}}}