{"totalParticipants":11,"tiers":{"legendary":{"count":10,"probablity":1,"ceiling":300,"floor":8,"participants":10},"ancient":{"count":0.979,"probability":30.643513789581206,"ceiling":5,"floor":5,"participants":1},"rare":{"count":2.453,"probability":24.86750917244191},"common":{"count":-2.4319999999999986,"probability":-41.52960526315792}}}