{"totalParticipants":724,"tiers":{"legendary":{"count":10,"probablity":1,"ceiling":2886,"floor":1674,"participants":10},"ancient":{"count":64.43599999999999,"probability":0.46557824818424487,"ceiling":1650,"floor":150,"participants":65},"rare":{"count":161.452,"probability":0.37782127195699033,"ceiling":150,"floor":25,"participants":162},"common":{"count":488.112,"probability":0.20691972334218375,"ceiling":25,"floor":8,"participants":487}}}