{"totalParticipants":869,"tiers":{"legendary":{"count":10,"probablity":1,"ceiling":2580,"floor":1926,"participants":10},"ancient":{"count":77.341,"probability":0.387892579614952,"ceiling":1860,"floor":155,"participants":78},"rare":{"count":193.787,"probability":0.31477859711951783,"ceiling":155,"floor":26,"participants":194},"common":{"count":587.8720000000001,"probability":0.17180610745196231,"ceiling":26,"floor":1,"participants":587}}}