{"totalParticipants":1320,"tiers":{"legendary":{"count":10,"probablity":1,"ceiling":5008,"floor":2222,"participants":10},"ancient":{"count":117.47999999999999,"probability":0.25536261491317674,"ceiling":2200,"floor":115,"participants":118},"rare":{"count":294.36,"probability":0.20722924310368254,"ceiling":115,"floor":27,"participants":295},"common":{"count":898.16,"probability":0.11245212434310145,"ceiling":27,"floor":8,"participants":897}}}