{"totalParticipants":761,"tiers":{"legendary":{"count":10,"probablity":1,"ceiling":3000,"floor":2000,"participants":10},"ancient":{"count":67.729,"probability":0.4429417236338939,"ceiling":2000,"floor":122,"participants":68},"rare":{"count":169.703,"probability":0.35945151234804334,"ceiling":122,"floor":26,"participants":170},"common":{"count":513.568,"probability":0.1966633435104991,"ceiling":26,"floor":8,"participants":513}}}