{"totalParticipants":934,"tiers":{"legendary":{"count":10,"probablity":1,"ceiling":4000,"floor":2500,"participants":10},"ancient":{"count":83.12599999999999,"probability":0.36089791401005705,"ceiling":2444,"floor":133,"participants":84},"rare":{"count":208.282,"probability":0.29287216370113595,"ceiling":132,"floor":25,"participants":209},"common":{"count":632.592,"probability":0.15966057111060525,"ceiling":25,"floor":8,"participants":631}}}