{"totalParticipants":1132,"tiers":{"legendary":{"count":10,"probablity":1,"ceiling":2750,"floor":2300,"participants":10},"ancient":{"count":100.74799999999999,"probability":0.29777266049946405,"ceiling":2250,"floor":120,"participants":101},"rare":{"count":252.436,"probability":0.24164540715270405,"ceiling":120,"floor":23,"participants":253},"common":{"count":768.816,"probability":0.1313708351543152,"ceiling":23,"floor":5,"participants":768}}}