{"totalParticipants":968,"tiers":{"legendary":{"count":10,"probablity":1,"ceiling":3415,"floor":600,"participants":10},"ancient":{"count":86.152,"probability":0.3482217476088773,"ceiling":575,"floor":145,"participants":87},"rare":{"count":215.864,"probability":0.2825853315050217,"ceiling":141,"floor":26,"participants":216},"common":{"count":655.9839999999999,"probability":0.15396716993097395,"ceiling":26,"floor":8,"participants":655}}}