{
  "totalParticipants": 802,
  "tiers": {
    "legendary": {
      "count": 10,
      "probablity": 1,
      "ceiling": 3000,
      "floor": 2599,
      "participants": 10
    },
    "ancient": {
      "count": 71.378,
      "probability": 0.4202975706800415,
      "ceiling": 2512,
      "floor": 156,
      "participants": 72
    },
    "rare": {
      "count": 178.846,
      "probability": 0.34107556221553736,
      "ceiling": 155,
      "floor": 29,
      "participants": 179
    },
    "common": {
      "count": 541.7760000000001,
      "probability": 0.18642390951241838,
      "ceiling": 28,
      "floor": 8,
      "participants": 541
    }
  }
}