{"totalParticipants":852,"tiers":{"legendary":{"count":10,"probablity":1,"ceiling":3725,"floor":2700,"participants":10},"ancient":{"count":75.828,"probability":0.39563222028802025,"ceiling":2655,"floor":152,"participants":76},"rare":{"count":189.996,"probability":0.32105939072401524,"ceiling":151,"floor":27,"participants":190},"common":{"count":576.1759999999999,"probability":0.17529366027047294,"ceiling":27,"floor":8,"participants":576}}}