{"totalParticipants":845,"tiers":{"legendary":{"count":10,"probablity":1,"ceiling":5000,"floor":3003,"participants":10},"ancient":{"count":75.205,"probability":0.39890964696496245,"ceiling":3001,"floor":165,"participants":76},"rare":{"count":188.435,"probability":0.3237190543158118,"ceiling":163,"floor":29,"participants":189},"common":{"count":571.36,"probability":0.17677121254550546,"ceiling":28,"floor":2,"participants":570}}}