{
  "totalParticipants": 841,
  "tiers": {
    "legendary": {
      "count": 10,
      "probablity": 1,
      "ceiling": 2613,
      "floor": 2282,
      "participants": 10
    },
    "ancient": {
      "count": 74.84899999999999,
      "probability": 0.40080695800879107,
      "ceiling": 2200,
      "floor": 160,
      "participants": 75
    },
    "rare": {
      "count": 187.543,
      "probability": 0.3252587406621415,
      "ceiling": 160,
      "floor": 27,
      "participants": 188
    },
    "common": {
      "count": 568.608,
      "probability": 0.1776267657155721,
      "ceiling": 27,
      "floor": 8,
      "participants": 568
    }
  }
}