{"totalParticipants":959,"tiers":{"legendary":{"count":10,"probablity":1,"ceiling":4420,"floor":2750,"participants":10},"ancient":{"count":85.351,"probability":0.3514897306417031,"ceiling":2705,"floor":127,"participants":86},"rare":{"count":213.857,"probability":0.2852373314878634,"ceiling":127,"floor":25,"participants":214},"common":{"count":649.792,"probability":0.15543435437801634,"ceiling":25,"floor":8,"participants":649}}}