{"totalParticipants":752,"tiers":{"legendary":{"count":10,"probablity":1,"ceiling":2911,"floor":2000,"participants":10},"ancient":{"count":66.928,"probability":0.44824288787951233,"ceiling":2000,"floor":140,"participants":67},"rare":{"count":167.696,"probability":0.3637534586394428,"ceiling":140,"floor":27,"participants":168},"common":{"count":507.376,"probability":0.1990634164800858,"ceiling":27,"floor":8,"participants":507}}}