{"totalParticipants":897,"tiers":{"legendary":{"count":10,"probablity":1,"ceiling":5200,"floor":2550,"participants":10},"ancient":{"count":79.833,"probability":0.3757844500394574,"ceiling":2500,"floor":160,"participants":80},"rare":{"count":200.031,"probability":0.3049527323264894,"ceiling":160,"floor":27,"participants":201},"common":{"count":607.136,"probability":0.16635482000737892,"ceiling":27,"floor":8,"participants":606}}}