{"totalParticipants":895,"tiers":{"legendary":{"count":10,"probablity":1,"ceiling":37777,"floor":3500,"participants":10},"ancient":{"count":79.655,"probability":0.37662419182725504,"ceiling":3500,"floor":240,"participants":80},"rare":{"count":199.585,"probability":0.30563419094621336,"ceiling":239,"floor":30,"participants":200},"common":{"count":605.76,"probability":0.16673269941891178,"ceiling":30,"floor":4,"participants":605}}}