{
  "totalParticipants": 863,
  "tiers": {
    "legendary": {
      "count": 10,
      "probablity": 1,
      "ceiling": 3875,
      "floor": 3000,
      "participants": 10
    },
    "ancient": {
      "count": 76.807,
      "probability": 0.3905893994037002,
      "ceiling": 2820,
      "floor": 188,
      "participants": 77
    },
    "rare": {
      "count": 192.449,
      "probability": 0.3169670925803719,
      "ceiling": 188,
      "floor": 30,
      "participants": 193
    },
    "common": {
      "count": 583.7439999999999,
      "probability": 0.1730210503234295,
      "ceiling": 30,
      "floor": 8,
      "participants": 583
    }
  }
}