{"totalParticipants":889,"tiers":{"legendary":{"count":10,"probablity":1,"ceiling":3558,"floor":2505,"participants":10},"ancient":{"count":79.121,"probability":0.3791660873851443,"ceiling":2500,"floor":151,"participants":80},"rare":{"count":198.247,"probability":0.30769696388848256,"ceiling":150,"floor":25,"participants":199},"common":{"count":601.6320000000001,"probability":0.1678767086857082,"ceiling":25,"floor":5,"participants":600}}}