{"totalParticipants":1217,"tiers":{"legendary":{"count":10,"probablity":1,"ceiling":3159,"floor":2050,"participants":10},"ancient":{"count":108.31299999999999,"probability":0.27697506301182684,"ceiling":2020,"floor":123,"participants":109},"rare":{"count":271.391,"probability":0.22476795472215363,"ceiling":122,"floor":21,"participants":272},"common":{"count":827.296,"probability":0.12208447762348663,"ceiling":21,"floor":8,"participants":826}}}