{"totalParticipants":1,"tiers":{"legendary":{"count":10,"probablity":1,"ceiling":null,"floor":null,"participants":1},"ancient":{"count":0.089,"probability":337.07865168539325},"rare":{"count":0.223,"probability":273.54260089686096},"common":{"count":-9.312000000000001,"probability":-10.846219931271476}}}