{"totalParticipants":1123,"tiers":{"legendary":{"count":10,"probablity":1,"ceiling":2502,"floor":2000,"participants":10},"ancient":{"count":99.94699999999999,"probability":0.3001590843146868,"ceiling":2000,"floor":108,"participants":100},"rare":{"count":250.429,"probability":0.24358201326523685,"ceiling":108,"floor":23,"participants":251},"common":{"count":762.624,"probability":0.1324374790198053,"ceiling":23,"floor":8,"participants":762}}}