{"totalParticipants":961,"tiers":{"legendary":{"count":10,"probablity":1,"ceiling":3800,"floor":1600,"participants":10},"ancient":{"count":85.529,"probability":0.3507582223573291,"ceiling":1525,"floor":143,"participants":86},"rare":{"count":214.303,"probability":0.2846437054077638,"ceiling":141,"floor":25,"participants":215},"common":{"count":651.168,"probability":0.15510590200992677,"ceiling":25,"floor":8,"participants":650}}}