{"totalParticipants":854,"tiers":{"legendary":{"count":10,"probablity":1,"ceiling":8413,"floor":3201,"participants":10},"ancient":{"count":76.006,"probability":0.3947056811304371,"ceiling":3160,"floor":180,"participants":77},"rare":{"count":190.442,"probability":0.32030749519538754,"ceiling":180,"floor":30,"participants":191},"common":{"count":577.552,"probability":0.17487602847882094,"ceiling":30,"floor":8,"participants":576}}}