{"totalParticipants":785,"tiers":{"legendary":{"count":10,"probablity":1,"ceiling":3000,"floor":2311,"participants":10},"ancient":{"count":69.865,"probability":0.42939955628712523,"ceiling":2305,"floor":166,"participants":70},"rare":{"count":175.055,"probability":0.34846191197052356,"ceiling":165,"floor":30,"participants":176},"common":{"count":530.0799999999999,"probability":0.19053727739209178,"ceiling":30,"floor":8,"participants":529}}}