{"totalParticipants":1249,"tiers":{"legendary":{"count":10,"probablity":1,"ceiling":4000,"floor":2900,"participants":10},"ancient":{"count":111.161,"probability":0.2698788244078409,"ceiling":2801,"floor":120,"participants":112},"rare":{"count":278.527,"probability":0.21900928814800721,"ceiling":120,"floor":26,"participants":279},"common":{"count":849.312,"probability":0.11891978448438265,"ceiling":26,"floor":6,"participants":848}}}