{"totalParticipants":894,"tiers":{"legendary":{"count":10,"probablity":1,"ceiling":2555,"floor":2250,"participants":10},"ancient":{"count":79.566,"probability":0.3770454716838851,"ceiling":2224,"floor":166,"participants":80},"rare":{"count":199.362,"probability":0.30597606364302127,"ceiling":166,"floor":26,"participants":200},"common":{"count":605.072,"probability":0.16692228362905573,"ceiling":26,"floor":8,"participants":604}}}