{"totalParticipants":937,"tiers":{"legendary":{"count":10,"probablity":1,"ceiling":6800,"floor":3000,"participants":10},"ancient":{"count":83.393,"probability":0.3597424244241123,"ceiling":2788,"floor":149,"participants":84},"rare":{"count":208.951,"probability":0.29193447267541195,"ceiling":148,"floor":25,"participants":209},"common":{"count":634.656,"probability":0.15914133010638837,"ceiling":25,"floor":8,"participants":634}}}