{"totalParticipants":1118,"tiers":{"legendary":{"count":10,"probablity":1,"ceiling":2910,"floor":1500,"participants":10},"ancient":{"count":99.502,"probability":0.3015014773572391,"ceiling":1209,"floor":121,"participants":100},"rare":{"count":249.314,"probability":0.2446713782619508,"ceiling":121,"floor":23,"participants":250},"common":{"count":759.184,"probability":0.13303757718813886,"ceiling":23,"floor":8,"participants":758}}}